season,award,candidate_name,source_url
2010,MVP,Tom Brady,https://static.clubs.nfl.com/image/upload/saints/bvaqvsl0fwdhlxu6wnw2.pdf
2011,MVP,Aaron Rodgers,https://static.clubs.nfl.com/image/upload/saints/bvaqvsl0fwdhlxu6wnw2.pdf
2012,MVP,Adrian Peterson,https://static.clubs.nfl.com/image/upload/saints/bvaqvsl0fwdhlxu6wnw2.pdf
2013,MVP,Peyton Manning,https://static.clubs.nfl.com/image/upload/saints/bvaqvsl0fwdhlxu6wnw2.pdf
2014,MVP,Aaron Rodgers,https://static.clubs.nfl.com/image/upload/saints/bvaqvsl0fwdhlxu6wnw2.pdf
2015,MVP,Cam Newton,https://static.clubs.nfl.com/image/upload/saints/bvaqvsl0fwdhlxu6wnw2.pdf
2016,MVP,Matt Ryan,https://static.clubs.nfl.com/image/upload/saints/bvaqvsl0fwdhlxu6wnw2.pdf
2017,MVP,Tom Brady,https://static.clubs.nfl.com/image/upload/saints/bvaqvsl0fwdhlxu6wnw2.pdf
2018,MVP,Patrick Mahomes,https://static.clubs.nfl.com/image/upload/saints/bvaqvsl0fwdhlxu6wnw2.pdf
2019,MVP,Lamar Jackson,https://static.clubs.nfl.com/image/upload/saints/bvaqvsl0fwdhlxu6wnw2.pdf
2020,MVP,Aaron Rodgers,https://static.clubs.nfl.com/image/upload/saints/bvaqvsl0fwdhlxu6wnw2.pdf
2021,MVP,Aaron Rodgers,https://static.clubs.nfl.com/image/upload/saints/bvaqvsl0fwdhlxu6wnw2.pdf
2022,MVP,Patrick Mahomes,https://static.clubs.nfl.com/image/upload/saints/bvaqvsl0fwdhlxu6wnw2.pdf
2023,MVP,Lamar Jackson,https://static.clubs.nfl.com/image/upload/saints/bvaqvsl0fwdhlxu6wnw2.pdf
2024,MVP,Josh Allen,https://static.clubs.nfl.com/image/upload/saints/bvaqvsl0fwdhlxu6wnw2.pdf
2025,MVP,Matthew Stafford,https://amp.nfl.com/news/list-of-nfl-honors-award-winners-from-2025-nfl-season
2010,OPOY,Tom Brady,https://static.clubs.nfl.com/image/upload/saints/bvaqvsl0fwdhlxu6wnw2.pdf
2011,OPOY,Drew Brees,https://static.clubs.nfl.com/image/upload/saints/bvaqvsl0fwdhlxu6wnw2.pdf
2012,OPOY,Adrian Peterson,https://static.clubs.nfl.com/image/upload/saints/bvaqvsl0fwdhlxu6wnw2.pdf
2013,OPOY,Peyton Manning,https://static.clubs.nfl.com/image/upload/saints/bvaqvsl0fwdhlxu6wnw2.pdf
2014,OPOY,DeMarco Murray,https://static.clubs.nfl.com/image/upload/saints/bvaqvsl0fwdhlxu6wnw2.pdf
2015,OPOY,Cam Newton,https://static.clubs.nfl.com/image/upload/saints/bvaqvsl0fwdhlxu6wnw2.pdf
2016,OPOY,Matt Ryan,https://static.clubs.nfl.com/image/upload/saints/bvaqvsl0fwdhlxu6wnw2.pdf
2017,OPOY,Todd Gurley,https://static.clubs.nfl.com/image/upload/saints/bvaqvsl0fwdhlxu6wnw2.pdf
2018,OPOY,Patrick Mahomes,https://static.clubs.nfl.com/image/upload/saints/bvaqvsl0fwdhlxu6wnw2.pdf
2019,OPOY,Michael Thomas,https://static.clubs.nfl.com/image/upload/saints/bvaqvsl0fwdhlxu6wnw2.pdf
2020,OPOY,Derrick Henry,https://static.clubs.nfl.com/image/upload/saints/bvaqvsl0fwdhlxu6wnw2.pdf
2021,OPOY,Cooper Kupp,https://static.clubs.nfl.com/image/upload/saints/bvaqvsl0fwdhlxu6wnw2.pdf
2022,OPOY,Justin Jefferson,https://static.clubs.nfl.com/image/upload/saints/bvaqvsl0fwdhlxu6wnw2.pdf
2023,OPOY,Christian McCaffrey,https://static.clubs.nfl.com/image/upload/saints/bvaqvsl0fwdhlxu6wnw2.pdf
2024,OPOY,Saquon Barkley,https://static.clubs.nfl.com/image/upload/saints/bvaqvsl0fwdhlxu6wnw2.pdf
2025,OPOY,Jaxon Smith-Njigba,https://amp.nfl.com/news/list-of-nfl-honors-award-winners-from-2025-nfl-season
2010,OROY,Sam Bradford,https://static.clubs.nfl.com/image/upload/saints/bvaqvsl0fwdhlxu6wnw2.pdf
2011,OROY,Cam Newton,https://static.clubs.nfl.com/image/upload/saints/bvaqvsl0fwdhlxu6wnw2.pdf
2012,OROY,Robert Griffin III,https://static.clubs.nfl.com/image/upload/saints/bvaqvsl0fwdhlxu6wnw2.pdf
2013,OROY,Eddie Lacy,https://static.clubs.nfl.com/image/upload/saints/bvaqvsl0fwdhlxu6wnw2.pdf
2014,OROY,Odell Beckham Jr.,https://static.clubs.nfl.com/image/upload/saints/bvaqvsl0fwdhlxu6wnw2.pdf
2015,OROY,Todd Gurley,https://static.clubs.nfl.com/image/upload/saints/bvaqvsl0fwdhlxu6wnw2.pdf
2016,OROY,Dak Prescott,https://static.clubs.nfl.com/image/upload/saints/bvaqvsl0fwdhlxu6wnw2.pdf
2017,OROY,Alvin Kamara,https://static.clubs.nfl.com/image/upload/saints/bvaqvsl0fwdhlxu6wnw2.pdf
2018,OROY,Saquon Barkley,https://static.clubs.nfl.com/image/upload/saints/bvaqvsl0fwdhlxu6wnw2.pdf
2019,OROY,Kyler Murray,https://static.clubs.nfl.com/image/upload/saints/bvaqvsl0fwdhlxu6wnw2.pdf
2020,OROY,Justin Herbert,https://static.clubs.nfl.com/image/upload/saints/bvaqvsl0fwdhlxu6wnw2.pdf
2021,OROY,Ja'Marr Chase,https://static.clubs.nfl.com/image/upload/saints/bvaqvsl0fwdhlxu6wnw2.pdf
2022,OROY,Garrett Wilson,https://static.clubs.nfl.com/image/upload/saints/bvaqvsl0fwdhlxu6wnw2.pdf
2023,OROY,C.J. Stroud,https://static.clubs.nfl.com/image/upload/saints/bvaqvsl0fwdhlxu6wnw2.pdf
2024,OROY,Jayden Daniels,https://static.clubs.nfl.com/image/upload/saints/bvaqvsl0fwdhlxu6wnw2.pdf
2025,OROY,Tetairoa McMillan,https://amp.nfl.com/news/list-of-nfl-honors-award-winners-from-2025-nfl-season
2010,DPOY,Troy Polamalu,https://static.clubs.nfl.com/image/upload/saints/bvaqvsl0fwdhlxu6wnw2.pdf
2011,DPOY,Terrell Suggs,https://static.clubs.nfl.com/image/upload/saints/bvaqvsl0fwdhlxu6wnw2.pdf
2012,DPOY,J.J. Watt,https://static.clubs.nfl.com/image/upload/saints/bvaqvsl0fwdhlxu6wnw2.pdf
2013,DPOY,Luke Kuechly,https://static.clubs.nfl.com/image/upload/saints/bvaqvsl0fwdhlxu6wnw2.pdf
2014,DPOY,J.J. Watt,https://static.clubs.nfl.com/image/upload/saints/bvaqvsl0fwdhlxu6wnw2.pdf
2015,DPOY,J.J. Watt,https://static.clubs.nfl.com/image/upload/saints/bvaqvsl0fwdhlxu6wnw2.pdf
2016,DPOY,Khalil Mack,https://static.clubs.nfl.com/image/upload/saints/bvaqvsl0fwdhlxu6wnw2.pdf
2017,DPOY,Aaron Donald,https://static.clubs.nfl.com/image/upload/saints/bvaqvsl0fwdhlxu6wnw2.pdf
2018,DPOY,Aaron Donald,https://static.clubs.nfl.com/image/upload/saints/bvaqvsl0fwdhlxu6wnw2.pdf
2019,DPOY,Stephon Gilmore,https://static.clubs.nfl.com/image/upload/saints/bvaqvsl0fwdhlxu6wnw2.pdf
2020,DPOY,Aaron Donald,https://static.clubs.nfl.com/image/upload/saints/bvaqvsl0fwdhlxu6wnw2.pdf
2021,DPOY,T.J. Watt,https://static.clubs.nfl.com/image/upload/saints/bvaqvsl0fwdhlxu6wnw2.pdf
2022,DPOY,Nick Bosa,https://static.clubs.nfl.com/image/upload/saints/bvaqvsl0fwdhlxu6wnw2.pdf
2023,DPOY,Myles Garrett,https://static.clubs.nfl.com/image/upload/saints/bvaqvsl0fwdhlxu6wnw2.pdf
2024,DPOY,Patrick Surtain II,https://static.clubs.nfl.com/image/upload/saints/bvaqvsl0fwdhlxu6wnw2.pdf
2025,DPOY,Myles Garrett,https://amp.nfl.com/news/list-of-nfl-honors-award-winners-from-2025-nfl-season
2010,DROY,Ndamukong Suh,https://static.clubs.nfl.com/image/upload/saints/bvaqvsl0fwdhlxu6wnw2.pdf
2011,DROY,Von Miller,https://static.clubs.nfl.com/image/upload/saints/bvaqvsl0fwdhlxu6wnw2.pdf
2012,DROY,Luke Kuechly,https://static.clubs.nfl.com/image/upload/saints/bvaqvsl0fwdhlxu6wnw2.pdf
2013,DROY,Sheldon Richardson,https://static.clubs.nfl.com/image/upload/saints/bvaqvsl0fwdhlxu6wnw2.pdf
2014,DROY,Aaron Donald,https://static.clubs.nfl.com/image/upload/saints/bvaqvsl0fwdhlxu6wnw2.pdf
2015,DROY,Marcus Peters,https://static.clubs.nfl.com/image/upload/saints/bvaqvsl0fwdhlxu6wnw2.pdf
2016,DROY,Joey Bosa,https://static.clubs.nfl.com/image/upload/saints/bvaqvsl0fwdhlxu6wnw2.pdf
2017,DROY,Marshon Lattimore,https://static.clubs.nfl.com/image/upload/saints/bvaqvsl0fwdhlxu6wnw2.pdf
2018,DROY,Shaquille Leonard,https://static.clubs.nfl.com/image/upload/saints/bvaqvsl0fwdhlxu6wnw2.pdf
2019,DROY,Nick Bosa,https://static.clubs.nfl.com/image/upload/saints/bvaqvsl0fwdhlxu6wnw2.pdf
2020,DROY,Chase Young,https://static.clubs.nfl.com/image/upload/saints/bvaqvsl0fwdhlxu6wnw2.pdf
2021,DROY,Micah Parsons,https://static.clubs.nfl.com/image/upload/saints/bvaqvsl0fwdhlxu6wnw2.pdf
2022,DROY,Sauce Gardner,https://static.clubs.nfl.com/image/upload/saints/bvaqvsl0fwdhlxu6wnw2.pdf
2023,DROY,Will Anderson Jr.,https://static.clubs.nfl.com/image/upload/saints/bvaqvsl0fwdhlxu6wnw2.pdf
2024,DROY,Jared Verse,https://static.clubs.nfl.com/image/upload/saints/bvaqvsl0fwdhlxu6wnw2.pdf
2025,DROY,Carson Schwesinger,https://amp.nfl.com/news/list-of-nfl-honors-award-winners-from-2025-nfl-season
2010,CPOY,Michael Vick,https://static.clubs.nfl.com/image/upload/saints/bvaqvsl0fwdhlxu6wnw2.pdf
2011,CPOY,Matthew Stafford,https://static.clubs.nfl.com/image/upload/saints/bvaqvsl0fwdhlxu6wnw2.pdf
2012,CPOY,Peyton Manning,https://static.clubs.nfl.com/image/upload/saints/bvaqvsl0fwdhlxu6wnw2.pdf
2013,CPOY,Philip Rivers,https://static.clubs.nfl.com/image/upload/saints/bvaqvsl0fwdhlxu6wnw2.pdf
2014,CPOY,Rob Gronkowski,https://static.clubs.nfl.com/image/upload/saints/bvaqvsl0fwdhlxu6wnw2.pdf
2015,CPOY,Eric Berry,https://static.clubs.nfl.com/image/upload/saints/bvaqvsl0fwdhlxu6wnw2.pdf
2016,CPOY,Jordy Nelson,https://static.clubs.nfl.com/image/upload/saints/bvaqvsl0fwdhlxu6wnw2.pdf
2017,CPOY,Keenan Allen,https://static.clubs.nfl.com/image/upload/saints/bvaqvsl0fwdhlxu6wnw2.pdf
2018,CPOY,Andrew Luck,https://static.clubs.nfl.com/image/upload/saints/bvaqvsl0fwdhlxu6wnw2.pdf
2019,CPOY,Ryan Tannehill,https://static.clubs.nfl.com/image/upload/saints/bvaqvsl0fwdhlxu6wnw2.pdf
2020,CPOY,Alex Smith,https://static.clubs.nfl.com/image/upload/saints/bvaqvsl0fwdhlxu6wnw2.pdf
2021,CPOY,Joe Burrow,https://static.clubs.nfl.com/image/upload/saints/bvaqvsl0fwdhlxu6wnw2.pdf
2022,CPOY,Geno Smith,https://static.clubs.nfl.com/image/upload/saints/bvaqvsl0fwdhlxu6wnw2.pdf
2023,CPOY,Joe Flacco,https://static.clubs.nfl.com/image/upload/saints/bvaqvsl0fwdhlxu6wnw2.pdf
2024,CPOY,Joe Burrow,https://static.clubs.nfl.com/image/upload/saints/bvaqvsl0fwdhlxu6wnw2.pdf
2025,CPOY,Christian McCaffrey,https://amp.nfl.com/news/list-of-nfl-honors-award-winners-from-2025-nfl-season
2010,COY,Bill Belichick,https://static.clubs.nfl.com/image/upload/saints/bvaqvsl0fwdhlxu6wnw2.pdf
2011,COY,Jim Harbaugh,https://static.clubs.nfl.com/image/upload/saints/bvaqvsl0fwdhlxu6wnw2.pdf
2012,COY,Bruce Arians,https://static.clubs.nfl.com/image/upload/saints/bvaqvsl0fwdhlxu6wnw2.pdf
2013,COY,Ron Rivera,https://static.clubs.nfl.com/image/upload/saints/bvaqvsl0fwdhlxu6wnw2.pdf
2014,COY,Bruce Arians,https://static.clubs.nfl.com/image/upload/saints/bvaqvsl0fwdhlxu6wnw2.pdf
2015,COY,Ron Rivera,https://static.clubs.nfl.com/image/upload/saints/bvaqvsl0fwdhlxu6wnw2.pdf
2016,COY,Jason Garrett,https://static.clubs.nfl.com/image/upload/saints/bvaqvsl0fwdhlxu6wnw2.pdf
2017,COY,Sean McVay,https://static.clubs.nfl.com/image/upload/saints/bvaqvsl0fwdhlxu6wnw2.pdf
2018,COY,Matt Nagy,https://static.clubs.nfl.com/image/upload/saints/bvaqvsl0fwdhlxu6wnw2.pdf
2019,COY,John Harbaugh,https://static.clubs.nfl.com/image/upload/saints/bvaqvsl0fwdhlxu6wnw2.pdf
2020,COY,Kevin Stefanski,https://static.clubs.nfl.com/image/upload/saints/bvaqvsl0fwdhlxu6wnw2.pdf
2021,COY,Mike Vrabel,https://static.clubs.nfl.com/image/upload/saints/bvaqvsl0fwdhlxu6wnw2.pdf
2022,COY,Brian Daboll,https://static.clubs.nfl.com/image/upload/saints/bvaqvsl0fwdhlxu6wnw2.pdf
2023,COY,Kevin Stefanski,https://static.clubs.nfl.com/image/upload/saints/bvaqvsl0fwdhlxu6wnw2.pdf
2024,COY,Kevin O'Connell,https://static.clubs.nfl.com/image/upload/saints/bvaqvsl0fwdhlxu6wnw2.pdf
2025,COY,Mike Vrabel,https://amp.nfl.com/news/list-of-nfl-honors-award-winners-from-2025-nfl-season
