season,team_abbr,gsis_id,reference_basis,source_as_of
2016,ARI,00-0021429,week_1_proxy,
2016,ATL,00-0026143,week_1_proxy,
2016,BAL,00-0026158,week_1_proxy,
2016,BUF,00-0028118,week_1_proxy,
2016,CAR,00-0027939,week_1_proxy,
2016,CHI,00-0024226,week_1_proxy,
2016,CIN,00-0027973,week_1_proxy,
2016,CLE,00-0029665,week_1_proxy,
2016,DAL,00-0033077,week_1_proxy,
2016,DEN,00-0032156,week_1_proxy,
2016,DET,00-0026498,week_1_proxy,
2016,GB,00-0023459,week_1_proxy,
2016,HOU,00-0029682,week_1_proxy,
2016,IND,00-0029668,week_1_proxy,
2016,JAX,00-0031407,week_1_proxy,
2016,KC,00-0023436,week_1_proxy,
2016,LA,00-0028986,week_1_proxy,
2016,LAC,00-0022942,week_1_proxy,
2016,LV,00-0031280,week_1_proxy,
2016,MIA,00-0029701,week_1_proxy,
2016,MIN,00-0020679,week_1_proxy,
2016,NE,00-0031345,week_1_proxy,
2016,NO,00-0020531,week_1_proxy,
2016,NYG,00-0022803,week_1_proxy,
2016,NYJ,00-0023682,week_1_proxy,
2016,PHI,00-0032950,week_1_proxy,
2016,PIT,00-0022924,week_1_proxy,
2016,SEA,00-0029263,week_1_proxy,
2016,SF,00-0027974,week_1_proxy,
2016,TB,00-0031503,week_1_proxy,
2016,TEN,00-0032268,week_1_proxy,
2016,WAS,00-0029604,week_1_proxy,
2017,ARI,00-0021429,week_1_proxy,
2017,ATL,00-0026143,week_1_proxy,
2017,BAL,00-0026158,week_1_proxy,
2017,BUF,00-0028118,week_1_proxy,
2017,CAR,00-0027939,week_1_proxy,
2017,CHI,00-0030520,week_1_proxy,
2017,CIN,00-0027973,week_1_proxy,
2017,CLE,00-0033899,week_1_proxy,
2017,DAL,00-0033077,week_1_proxy,
2017,DEN,00-0032156,week_1_proxy,
2017,DET,00-0026498,week_1_proxy,
2017,GB,00-0023459,week_1_proxy,
2017,HOU,00-0031064,week_1_proxy,
2017,IND,00-0028595,week_1_proxy,
2017,JAX,00-0031407,week_1_proxy,
2017,KC,00-0023436,week_1_proxy,
2017,LA,00-0033106,week_1_proxy,
2017,LAC,00-0022942,week_1_proxy,
2017,LV,00-0031280,week_1_proxy,
2017,MIN,00-0027854,week_1_proxy,
2017,NE,00-0019596,week_1_proxy,
2017,NO,00-0020531,week_1_proxy,
2017,NYG,00-0022803,week_1_proxy,
2017,NYJ,00-0021206,week_1_proxy,
2017,PHI,00-0032950,week_1_proxy,
2017,PIT,00-0022924,week_1_proxy,
2017,SEA,00-0029263,week_1_proxy,
2017,SF,00-0026625,week_1_proxy,
2017,TEN,00-0032268,week_1_proxy,
2017,WAS,00-0029604,week_1_proxy,
2018,ARI,00-0027854,week_1_proxy,
2018,ATL,00-0026143,week_1_proxy,
2018,BAL,00-0026158,week_1_proxy,
2018,BUF,00-0033958,week_1_proxy,
2018,CAR,00-0027939,week_1_proxy,
2018,CHI,00-0033869,week_1_proxy,
2018,CIN,00-0027973,week_1_proxy,
2018,CLE,00-0028118,week_1_proxy,
2018,DAL,00-0033077,week_1_proxy,
2018,DEN,00-0028986,week_1_proxy,
2018,DET,00-0026498,week_1_proxy,
2018,GB,00-0023459,week_1_proxy,
2018,HOU,00-0033537,week_1_proxy,
2018,IND,00-0029668,week_1_proxy,
2018,JAX,00-0031407,week_1_proxy,
2018,KC,00-0033873,week_1_proxy,
2018,LA,00-0033106,week_1_proxy,
2018,LAC,00-0022942,week_1_proxy,
2018,LV,00-0031280,week_1_proxy,
2018,MIA,00-0029701,week_1_proxy,
2018,MIN,00-0029604,week_1_proxy,
2018,NE,00-0019596,week_1_proxy,
2018,NO,00-0020531,week_1_proxy,
2018,NYG,00-0022803,week_1_proxy,
2018,NYJ,00-0034869,week_1_proxy,
2018,PHI,00-0032950,week_1_proxy,
2018,PIT,00-0022924,week_1_proxy,
2018,SEA,00-0029263,week_1_proxy,
2018,SF,00-0031345,week_1_proxy,
2018,TB,00-0023682,week_1_proxy,
2018,TEN,00-0032268,week_1_proxy,
2018,WAS,00-0023436,week_1_proxy,
2019,ARI,00-0035228,week_1_proxy,
2019,ATL,00-0026143,week_1_proxy,
2019,BAL,00-0034796,week_1_proxy,
2019,BUF,00-0034857,week_1_proxy,
2019,CAR,00-0034577,week_1_proxy,
2019,CHI,00-0033869,week_1_proxy,
2019,CIN,00-0027973,week_1_proxy,
2019,CLE,00-0034855,week_1_proxy,
2019,DAL,00-0033077,week_1_proxy,
2019,DEN,00-0026158,week_1_proxy,
2019,DET,00-0026498,week_1_proxy,
2019,GB,00-0023459,week_1_proxy,
2019,HOU,00-0033537,week_1_proxy,
2019,IND,00-0033119,week_1_proxy,
2019,JAX,00-0029567,week_1_proxy,
2019,KC,00-0033873,week_1_proxy,
2019,LA,00-0033106,week_1_proxy,
2019,LAC,00-0022942,week_1_proxy,
2019,LV,00-0031280,week_1_proxy,
2019,MIA,00-0023682,week_1_proxy,
2019,MIN,00-0029604,week_1_proxy,
2019,NE,00-0019596,week_1_proxy,
2019,NO,00-0020531,week_1_proxy,
2019,NYG,00-0022803,week_1_proxy,
2019,NYJ,00-0034869,week_1_proxy,
2019,PHI,00-0032950,week_1_proxy,
2019,PIT,00-0022924,week_1_proxy,
2019,SEA,00-0029263,week_1_proxy,
2019,SF,00-0031345,week_1_proxy,
2019,TB,00-0031503,week_1_proxy,
2019,TEN,00-0032268,week_1_proxy,
2019,WAS,00-0028986,week_1_proxy,
2020,ARI,00-0035228,week_1_proxy,
2020,ATL,00-0026143,week_1_proxy,
2020,BAL,00-0034796,week_1_proxy,
2020,BUF,00-0034857,week_1_proxy,
2020,CAR,00-0031237,week_1_proxy,
2020,CHI,00-0033869,week_1_proxy,
2020,CIN,00-0036442,week_1_proxy,
2020,CLE,00-0034855,week_1_proxy,
2020,DAL,00-0033077,week_1_proxy,
2020,DEN,00-0035704,week_1_proxy,
2020,DET,00-0026498,week_1_proxy,
2020,GB,00-0023459,week_1_proxy,
2020,HOU,00-0033537,week_1_proxy,
2020,IND,00-0022942,week_1_proxy,
2020,JAX,00-0035289,week_1_proxy,
2020,KC,00-0033873,week_1_proxy,
2020,LA,00-0033106,week_1_proxy,
2020,LAC,00-0028118,week_1_proxy,
2020,LV,00-0031280,week_1_proxy,
2020,MIA,00-0023682,week_1_proxy,
2020,MIN,00-0029604,week_1_proxy,
2020,NE,00-0027939,week_1_proxy,
2020,NO,00-0020531,week_1_proxy,
2020,NYG,00-0035710,week_1_proxy,
2020,NYJ,00-0034869,week_1_proxy,
2020,PHI,00-0032950,week_1_proxy,
2020,PIT,00-0022924,week_1_proxy,
2020,SEA,00-0029263,week_1_proxy,
2020,SF,00-0031345,week_1_proxy,
2020,TB,00-0019596,week_1_proxy,
2020,TEN,00-0029701,week_1_proxy,
2020,WAS,00-0035232,week_1_proxy,
2021,ARI,00-0035228,week_1_proxy,
2021,ATL,00-0026143,week_1_proxy,
2021,BAL,00-0034796,week_1_proxy,
2021,BUF,00-0034857,week_1_proxy,
2021,CAR,00-0034869,week_1_proxy,
2021,CHI,00-0027973,week_1_proxy,
2021,CIN,00-0036442,week_1_proxy,
2021,CLE,00-0034855,week_1_proxy,
2021,DAL,00-0033077,week_1_proxy,
2021,DEN,00-0031237,week_1_proxy,
2021,DET,00-0033106,week_1_proxy,
2021,GB,00-0023459,week_1_proxy,
2021,HOU,00-0028118,week_1_proxy,
2021,IND,00-0032950,week_1_proxy,
2021,JAX,00-0036971,week_1_proxy,
2021,KC,00-0033873,week_1_proxy,
2021,LA,00-0026498,week_1_proxy,
2021,LAC,00-0036355,week_1_proxy,
2021,LV,00-0031280,week_1_proxy,
2021,MIA,00-0036212,week_1_proxy,
2021,MIN,00-0029604,week_1_proxy,
2021,NE,00-0036972,week_1_proxy,
2021,NO,00-0031503,week_1_proxy,
2021,NYG,00-0035710,week_1_proxy,
2021,NYJ,00-0037013,week_1_proxy,
2021,PHI,00-0036389,week_1_proxy,
2021,PIT,00-0022924,week_1_proxy,
2021,SEA,00-0029263,week_1_proxy,
2021,SF,00-0031345,week_1_proxy,
2021,TB,00-0019596,week_1_proxy,
2021,TEN,00-0029701,week_1_proxy,
2021,WAS,00-0023682,week_1_proxy,
2022,ARI,00-0035228,week_1_proxy,
2022,ATL,00-0032268,week_1_proxy,
2022,BAL,00-0034796,week_1_proxy,
2022,BUF,00-0034857,week_1_proxy,
2022,CAR,00-0034855,week_1_proxy,
2022,CHI,00-0036945,week_1_proxy,
2022,CIN,00-0036442,week_1_proxy,
2022,CLE,00-0033119,week_1_proxy,
2022,DAL,00-0033077,week_1_proxy,
2022,DEN,00-0029263,week_1_proxy,
2022,DET,00-0033106,week_1_proxy,
2022,GB,00-0023459,week_1_proxy,
2022,HOU,00-0036898,week_1_proxy,
2022,IND,00-0026143,week_1_proxy,
2022,JAX,00-0036971,week_1_proxy,
2022,KC,00-0033873,week_1_proxy,
2022,LA,00-0026498,week_1_proxy,
2022,LAC,00-0036355,week_1_proxy,
2022,LV,00-0031280,week_1_proxy,
2022,MIA,00-0036212,week_1_proxy,
2022,MIN,00-0029604,week_1_proxy,
2022,NE,00-0036972,week_1_proxy,
2022,NO,00-0033357,week_1_proxy,
2022,NYG,00-0035710,week_1_proxy,
2022,NYJ,00-0026158,week_1_proxy,
2022,PHI,00-0036389,week_1_proxy,
2022,PIT,00-0033869,week_1_proxy,
2022,SEA,00-0030565,week_1_proxy,
2022,SF,00-0037012,week_1_proxy,
2022,TB,00-0019596,week_1_proxy,
2022,TEN,00-0029701,week_1_proxy,
2022,WAS,00-0032950,week_1_proxy,
2023,ARI,00-0033949,week_1_proxy,
2023,ATL,00-0038122,week_1_proxy,
2023,BAL,00-0034796,week_1_proxy,
2023,BUF,00-0034857,week_1_proxy,
2023,CAR,00-0039150,week_1_proxy,
2023,CHI,00-0036945,week_1_proxy,
2023,CIN,00-0036442,week_1_proxy,
2023,CLE,00-0033537,week_1_proxy,
2023,DAL,00-0033077,week_1_proxy,
2023,DEN,00-0029263,week_1_proxy,
2023,DET,00-0033106,week_1_proxy,
2023,GB,00-0036264,week_1_proxy,
2023,HOU,00-0039163,week_1_proxy,
2023,IND,00-0039164,week_1_proxy,
2023,JAX,00-0036971,week_1_proxy,
2023,KC,00-0033873,week_1_proxy,
2023,LA,00-0026498,week_1_proxy,
2023,LAC,00-0036355,week_1_proxy,
2023,LV,00-0031345,week_1_proxy,
2023,MIA,00-0036212,week_1_proxy,
2023,MIN,00-0029604,week_1_proxy,
2023,NE,00-0036972,week_1_proxy,
2023,NO,00-0031280,week_1_proxy,
2023,NYG,00-0035710,week_1_proxy,
2023,NYJ,00-0023459,week_1_proxy,
2023,PHI,00-0036389,week_1_proxy,
2023,PIT,00-0038102,week_1_proxy,
2023,SEA,00-0030565,week_1_proxy,
2023,SF,00-0037834,week_1_proxy,
2023,TB,00-0034855,week_1_proxy,
2023,TEN,00-0029701,week_1_proxy,
2023,WAS,00-0037077,week_1_proxy,
2024,ARI,00-0035228,week_1_proxy,
2024,ATL,00-0029604,week_1_proxy,
2024,BAL,00-0034796,week_1_proxy,
2024,BUF,00-0034857,week_1_proxy,
2024,CAR,00-0039150,week_1_proxy,
2024,CHI,00-0039918,week_1_proxy,
2024,CIN,00-0036442,week_1_proxy,
2024,CLE,00-0033537,week_1_proxy,
2024,DAL,00-0033077,week_1_proxy,
2024,DEN,00-0039732,week_1_proxy,
2024,DET,00-0033106,week_1_proxy,
2024,GB,00-0036264,week_1_proxy,
2024,HOU,00-0039163,week_1_proxy,
2024,IND,00-0039164,week_1_proxy,
2024,JAX,00-0036971,week_1_proxy,
2024,KC,00-0033873,week_1_proxy,
2024,LA,00-0026498,week_1_proxy,
2024,LAC,00-0036355,week_1_proxy,
2024,LV,00-0035289,week_1_proxy,
2024,MIA,00-0036212,week_1_proxy,
2024,MIN,00-0034869,week_1_proxy,
2024,NE,00-0033119,week_1_proxy,
2024,NO,00-0031280,week_1_proxy,
2024,NYG,00-0035710,week_1_proxy,
2024,NYJ,00-0023459,week_1_proxy,
2024,PHI,00-0036389,week_1_proxy,
2024,PIT,00-0036945,week_1_proxy,
2024,SEA,00-0030565,week_1_proxy,
2024,SF,00-0037834,week_1_proxy,
2024,TB,00-0034855,week_1_proxy,
2024,TEN,00-0039152,week_1_proxy,
2024,WAS,00-0039910,week_1_proxy,
2025,ARI,00-0035228,preseason_snapshot,2025-09-04T07:21:47Z
2025,ATL,00-0039917,preseason_snapshot,2025-09-04T07:21:47Z
2025,BAL,00-0034796,preseason_snapshot,2025-09-04T07:21:47Z
2025,BUF,00-0034857,preseason_snapshot,2025-09-04T07:21:47Z
2025,CAR,00-0039150,preseason_snapshot,2025-09-04T07:21:47Z
2025,CHI,00-0039918,preseason_snapshot,2025-09-04T07:21:47Z
2025,CIN,00-0036442,preseason_snapshot,2025-09-04T07:21:47Z
2025,CLE,00-0026158,preseason_snapshot,2025-09-04T07:21:47Z
2025,DAL,00-0033077,preseason_snapshot,2025-09-04T07:21:47Z
2025,DEN,00-0039732,preseason_snapshot,2025-09-04T07:21:47Z
2025,DET,00-0033106,preseason_snapshot,2025-09-04T07:21:47Z
2025,GB,00-0036264,preseason_snapshot,2025-09-04T07:21:47Z
2025,HOU,00-0039163,preseason_snapshot,2025-09-04T07:21:47Z
2025,IND,00-0035710,preseason_snapshot,2025-09-04T07:21:47Z
2025,JAX,00-0036971,preseason_snapshot,2025-09-04T07:21:47Z
2025,KC,00-0033873,preseason_snapshot,2025-09-04T07:21:47Z
2025,LA,00-0026498,preseason_snapshot,2025-09-04T07:21:47Z
2025,LAC,00-0036355,preseason_snapshot,2025-09-04T07:21:47Z
2025,LV,00-0030565,preseason_snapshot,2025-09-04T07:21:47Z
2025,MIA,00-0036212,preseason_snapshot,2025-09-04T07:21:47Z
2025,MIN,00-0039923,preseason_snapshot,2025-09-04T07:21:47Z
2025,NE,00-0039851,preseason_snapshot,2025-09-04T07:21:47Z
2025,NO,00-0039376,preseason_snapshot,2025-09-04T07:21:47Z
2025,NYG,00-0029263,preseason_snapshot,2025-09-04T07:21:47Z
2025,NYJ,00-0036945,preseason_snapshot,2025-09-04T07:21:47Z
2025,PHI,00-0036389,preseason_snapshot,2025-09-04T07:21:47Z
2025,PIT,00-0023459,preseason_snapshot,2025-09-04T07:21:47Z
2025,SEA,00-0034869,preseason_snapshot,2025-09-04T07:21:47Z
2025,SF,00-0037834,preseason_snapshot,2025-09-04T07:21:47Z
2025,TB,00-0034855,preseason_snapshot,2025-09-04T07:21:47Z
2025,TEN,00-0040676,preseason_snapshot,2025-09-04T07:21:47Z
2025,WAS,00-0039910,preseason_snapshot,2025-09-04T07:21:47Z
2026,ARI,00-0033119,preseason_snapshot,2026-09-01T12:20:07Z
2026,ATL,00-0036212,preseason_snapshot,2026-09-01T12:20:07Z
2026,BAL,00-0034796,preseason_snapshot,2026-09-01T12:20:07Z
2026,BUF,00-0034857,preseason_snapshot,2026-09-01T12:20:07Z
2026,CAR,00-0039150,preseason_snapshot,2026-09-01T12:20:07Z
2026,CHI,00-0039918,preseason_snapshot,2026-09-01T12:20:07Z
2026,CIN,00-0036442,preseason_snapshot,2026-09-01T12:20:07Z
2026,CLE,00-0033537,preseason_snapshot,2026-09-01T12:20:07Z
2026,DAL,00-0033077,preseason_snapshot,2026-09-01T12:20:07Z
2026,DEN,00-0039732,preseason_snapshot,2026-09-01T12:20:07Z
2026,DET,00-0033106,preseason_snapshot,2026-09-01T12:20:07Z
2026,GB,00-0036264,preseason_snapshot,2026-09-01T12:20:07Z
2026,HOU,00-0039163,preseason_snapshot,2026-09-01T12:20:07Z
2026,IND,00-0035710,preseason_snapshot,2026-09-01T12:20:07Z
2026,JAX,00-0036971,preseason_snapshot,2026-09-01T12:20:07Z
2026,KC,00-0033873,preseason_snapshot,2026-09-01T12:20:07Z
2026,LA,00-0026498,preseason_snapshot,2026-09-01T12:20:07Z
2026,LAC,00-0036355,preseason_snapshot,2026-09-01T12:20:07Z
2026,LV,00-0029604,preseason_snapshot,2026-09-01T12:20:07Z
2026,MIA,00-0038128,preseason_snapshot,2026-09-01T12:20:07Z
2026,MIN,00-0035228,preseason_snapshot,2026-09-01T12:20:07Z
2026,NE,00-0039851,preseason_snapshot,2026-09-01T12:20:07Z
2026,NO,00-0040743,preseason_snapshot,2026-09-01T12:20:07Z
2026,NYG,00-0040691,preseason_snapshot,2026-09-01T12:20:07Z
2026,NYJ,00-0030565,preseason_snapshot,2026-09-01T12:20:07Z
2026,PHI,00-0036389,preseason_snapshot,2026-09-01T12:20:07Z
2026,PIT,00-0023459,preseason_snapshot,2026-09-01T12:20:07Z
2026,SEA,00-0034869,preseason_snapshot,2026-09-01T12:20:07Z
2026,SF,00-0037834,preseason_snapshot,2026-09-01T12:20:07Z
2026,TB,00-0034855,preseason_snapshot,2026-09-01T12:20:07Z
2026,TEN,00-0040676,preseason_snapshot,2026-09-01T12:20:07Z
2026,WAS,00-0039910,preseason_snapshot,2026-09-01T12:20:07Z
