season,team_abbr,win_total
2015,ARI,8.5
2015,ATL,8.5
2015,BAL,9.0
2015,BUF,8.5
2015,CAR,8.5
2015,CHI,6.5
2015,CIN,8.5
2015,CLE,6.5
2015,DAL,9.5
2015,DEN,10.0
2015,DET,8.5
2015,GB,11.0
2015,HOU,8.5
2015,IND,10.5
2015,JAX,5.5
2015,KC,8.5
2015,MIA,9.0
2015,MIN,8.0
2015,NE,10.5
2015,NO,8.5
2015,NYG,8.0
2015,NYJ,7.5
2015,LV,5.5
2015,PHI,10.0
2015,PIT,8.5
2015,LAC,8.0
2015,SF,6.5
2015,SEA,11.0
2015,LA,7.5
2015,TB,6.0
2015,TEN,5.5
2015,WAS,6.0
2016,ARI,10.0
2016,ATL,7.0
2016,BAL,8.5
2016,BUF,8.0
2016,CAR,10.5
2016,CHI,7.5
2016,CIN,9.5
2016,CLE,4.5
2016,DAL,8.5
2016,DEN,9.5
2016,DET,7.0
2016,GB,10.5
2016,HOU,8.5
2016,IND,9.0
2016,JAX,7.5
2016,KC,9.5
2016,LA,7.5
2016,MIA,7.0
2016,MIN,8.5
2016,NE,10.5
2016,NO,7.0
2016,NYG,8.5
2016,NYJ,8.0
2016,LV,8.5
2016,PHI,6.5
2016,PIT,10.5
2016,LAC,7.0
2016,SF,5.5
2016,SEA,10.5
2016,TB,7.0
2016,TEN,6.0
2016,WAS,7.5
2017,ARI,8.5
2017,ATL,9.5
2017,BAL,8.5
2017,BUF,6.5
2017,CAR,9.0
2017,CHI,5.5
2017,CIN,8.5
2017,CLE,4.5
2017,DAL,9.5
2017,DEN,8.0
2017,DET,7.5
2017,GB,10.5
2017,HOU,8.5
2017,IND,8.0
2017,JAX,6.5
2017,KC,9.0
2017,LAC,7.5
2017,LA,6.0
2017,MIA,7.0
2017,MIN,8.5
2017,NE,12.5
2017,NO,8.0
2017,NYG,9.0
2017,NYJ,3.5
2017,LV,9.5
2017,PHI,8.5
2017,PIT,10.5
2017,SF,5.0
2017,SEA,10.5
2017,TB,8.5
2017,TEN,9.0
2017,WAS,7.5
2018,ARI,6.0
2018,ATL,9.5
2018,BAL,8.5
2018,BUF,5.5
2018,CAR,8.5
2018,CHI,7.5
2018,CIN,7.0
2018,CLE,6.0
2018,DAL,8.5
2018,DEN,7.0
2018,DET,7.5
2018,GB,10.0
2018,HOU,8.5
2018,IND,7.5
2018,JAX,9.0
2018,KC,8.5
2018,LAC,9.5
2018,LA,10.0
2018,MIA,6.5
2018,MIN,10.0
2018,NE,11.0
2018,NO,9.5
2018,NYG,7.0
2018,NYJ,6.0
2018,LV,7.5
2018,PHI,10.5
2018,PIT,10.5
2018,SF,8.5
2018,SEA,7.5
2018,TB,6.5
2018,TEN,8.0
2018,WAS,7.0
2019,ARI,5.0
2019,ATL,8.5
2019,BAL,8.5
2019,BUF,7.0
2019,CAR,8.0
2019,CHI,9.0
2019,CIN,6.0
2019,CLE,9.0
2019,DAL,9.0
2019,DEN,7.0
2019,DET,6.5
2019,GB,9.0
2019,HOU,8.5
2019,IND,7.5
2019,JAX,8.0
2019,KC,10.5
2019,LAC,10.0
2019,LA,10.5
2019,MIA,4.5
2019,MIN,9.0
2019,NE,11.5
2019,NO,10.5
2019,NYG,6.0
2019,NYJ,7.5
2019,LV,6.0
2019,PHI,10.0
2019,PIT,9.5
2019,SF,8.0
2019,SEA,9.0
2019,TB,6.5
2019,TEN,8.0
2019,WAS,6.0
2020,ARI,7.5
2020,ATL,7.5
2020,BAL,11.5
2020,BUF,9.0
2020,CAR,5.5
2020,CHI,8.0
2020,CIN,5.5
2020,CLE,8.5
2020,DAL,10.0
2020,DEN,7.5
2020,DET,7.0
2020,GB,8.5
2020,HOU,7.5
2020,IND,9.5
2020,JAX,4.5
2020,KC,11.5
2020,LV,7.5
2020,LAC,8.0
2020,LA,8.5
2020,MIA,6.0
2020,MIN,9.0
2020,NE,9.0
2020,NO,10.5
2020,NYG,6.5
2020,NYJ,6.5
2020,PHI,9.5
2020,PIT,9.5
2020,SF,10.5
2020,SEA,9.5
2020,TB,9.5
2020,TEN,8.5
2020,WAS,5.0
2021,ARI,8.5
2021,ATL,7.5
2021,BAL,10.5
2021,BUF,11.5
2021,CAR,7.5
2021,CHI,7.5
2021,CIN,6.5
2021,CLE,10.5
2021,DAL,9.0
2021,DEN,9.0
2021,DET,4.5
2021,GB,10.5
2021,HOU,4.0
2021,IND,9.0
2021,JAX,6.5
2021,KC,12.5
2021,LV,7.5
2021,LAC,9.5
2021,LA,10.5
2021,MIA,9.0
2021,MIN,9.0
2021,NE,9.5
2021,NO,9.0
2021,NYG,7.0
2021,NYJ,6.0
2021,PHI,6.5
2021,PIT,8.5
2021,SF,10.5
2021,SEA,9.5
2021,TB,12.0
2021,TEN,9.5
2021,WAS,8.5
2022,ARI,8.5
2022,ATL,4.5
2022,BAL,10.5
2022,BUF,12.0
2022,CAR,6.5
2022,CHI,5.5
2022,CIN,9.5
2022,CLE,8.0
2022,DAL,10.0
2022,DEN,10.0
2022,DET,6.5
2022,GB,11.0
2022,HOU,4.5
2022,IND,10.0
2022,JAX,6.5
2022,KC,10.5
2022,LV,8.5
2022,LAC,10.5
2022,LA,10.5
2022,MIA,9.0
2022,MIN,9.5
2022,NE,8.5
2022,NO,9.0
2022,NYG,7.0
2022,NYJ,5.5
2022,PHI,10.0
2022,PIT,7.5
2022,SF,10.0
2022,SEA,5.5
2022,TB,11.0
2022,TEN,9.0
2022,WAS,7.5
2023,ARI,4.5
2023,ATL,8.5
2023,BAL,10.0
2023,BUF,10.5
2023,CAR,7.5
2023,CHI,7.5
2023,CIN,11.0
2023,CLE,9.0
2023,DAL,10.0
2023,DEN,8.5
2023,DET,9.5
2023,GB,7.5
2023,HOU,6.5
2023,IND,6.5
2023,JAX,9.5
2023,KC,11.5
2023,LV,6.5
2023,LAC,9.5
2023,LA,6.5
2023,MIA,9.5
2023,MIN,8.5
2023,NE,7.5
2023,NO,9.5
2023,NYG,7.5
2023,NYJ,9.5
2023,PHI,11.5
2023,PIT,9.0
2023,SF,11.0
2023,SEA,9.0
2023,TB,6.0
2023,TEN,7.5
2023,WAS,6.5
2024,ARI,7.0
2024,ATL,9.5
2024,BAL,10.5
2024,BUF,10.0
2024,CAR,5.5
2024,CHI,8.5
2024,CIN,10.5
2024,CLE,8.5
2024,DAL,10.0
2024,DEN,5.5
2024,DET,10.5
2024,GB,10.0
2024,HOU,9.5
2024,IND,8.5
2024,JAX,8.5
2024,KC,11.5
2024,LV,6.5
2024,LAC,9.0
2024,LA,8.5
2024,MIA,10.0
2024,MIN,6.5
2024,NE,4.5
2024,NO,7.5
2024,NYG,6.5
2024,NYJ,9.5
2024,PHI,10.5
2024,PIT,8.0
2024,SF,11.5
2024,SEA,7.5
2024,TB,7.5
2024,TEN,6.5
2024,WAS,6.5
2025,ARI,8.5
2025,ATL,8.5
2025,BAL,11.5
2025,BUF,12.5
2025,CAR,6.5
2025,CHI,8.5
2025,CIN,9.5
2025,CLE,4.5
2025,DAL,7.5
2025,DEN,9.5
2025,DET,10.5
2025,GB,10.5
2025,HOU,9.5
2025,IND,7.5
2025,JAX,7.5
2025,KC,11.5
2025,LV,6.5
2025,LAC,9.5
2025,LA,9.5
2025,MIA,7.5
2025,MIN,9.5
2025,NE,8.5
2025,NO,4.5
2025,NYG,5.5
2025,NYJ,6.5
2025,PHI,11.5
2025,PIT,8.5
2025,SF,10.5
2025,SEA,8.5
2025,TB,9.5
2025,TEN,6.5
2025,WAS,9.5
